Unit: USD, ISIC 01T03 , ISIC 05 , ISIC 06 , ISIC 07T08 , ISIC 09 , ISIC 10T12 , ISIC 13T15 , ISIC 16 , ISIC 17T18 , ISIC 19 , ISIC 20 , ISIC 21 , ISIC 22 , ISIC 231 , ISIC 239 , ISIC 241 , ISIC 242 , ISIC 25 , ISIC 26 , ISIC 27 , ISIC 28 , ISIC 29 , ISIC 30 , ISIC 31T33 , ISIC 351 , ISIC 352T353 , ISIC 36T39 , ISIC 41T43 , ISIC 45T47 , ISIC 49T53 , ISIC 55T56 , ISIC 58T60 , ISIC 61 , ISIC 62T63 , ISIC 64T66 , ISIC 68 , ISIC 69T82 , ISIC 84 , ISIC 85 , ISIC 86T88 , ISIC 90T96 , ISIC 97T98 
Output,64170040000,1446352590,86061249410,27872936000,15984969000,88729095000,4914455000,24954020000,28058121000,45437119000,33678827000,9245873000,18855760000,0,5712437178,13372230167,39177994833,27104441000,10853206000,8293649000,28446600000,99234863000,0,38701750822,17190041127,23383400873,13465361000,2.43184E+11,2.56581E+11,1.13143E+11,70846958000,31093426000,45736691000,47451950000,1.94866E+11,2.35729E+11,1.46849E+11,1.89881E+11,1.00791E+11,1.58656E+11,45501808000,2465008000
