Pollutant Emissions Intensity (g pollutant/BTU),electricity,natural gas,petroleum gasoline,petroleum diesel,biofuel gasoline,biofuel diesel,jet fuel,heavy or residual fuel oil,LPG propane or butane,hydrogen
CO2,0,0.050478492,0.063049385,0.089948592,0.023991806,0.000000000,0,0,0.067030065,0
VOC,0,0.000014608,0.000130905,0.000011933,0.000073784,0.000006958,0,0,4.41936E-05,0
CO,0,0.001357587,0.005270903,0.000249342,0.004086625,0.000144002,0,0,0.000584028,0
NOx,0,0.000166822,0.000114618,0.000015497,0.000117211,0.000009469,0,0,2.59317E-05,0
PM10,0,0.000011431,0.000007450,0.000011538,0.000004548,0.000006373,0,0,5.05639E-06,0
PM25,0,0.000004582,0.000002986,0.000004753,0.000001823,0.000002555,0,0,2.02686E-06,0
SOx,0,0.000001263,0.000002791,0.000002635,0.000002460,0.000001091,0,0,0,0
BC,0,0.000000849,0.000000553,0.000000790,0.000000338,0.000000436,0,0,3.75572E-07,0
OC,0,0.000001605,0.000001046,0.000000733,0.000000639,0.000000405,0,0,7.09898E-07,0
CH4,0,0.000218595,0.000010557,0.000000000,0.000007315,0.000000000,0,0,0.000003,0
N2O,0,0.000002638,0.000003689,0.000005040,0.000004076,0.000003052,0,0,0.0000006,0
F gases,0,0,0,0,0,0,0,0,0,0
,,,,,,,,,,
,,,,,,,,,,
,,,,,,,,,,
,,,,,,,,,,
,,,,,,,,,,
,,,,,,,,,,
,,,,,,,,,,
,,,,,,,,,,
,,,,,,,,,,
,,,,,,,,,,
,,,,,,,,,,
,,,,,,,,,,
,,,,,,,,,,
,,,,,,,,,,
,,,,,,,,,,
