Pollutant Emissions Intensity (g pollutant/BTU),electricity,natural gas,petroleum gasoline,petroleum diesel,biofuel gasoline,biofuel diesel,jet fuel,heavy or residual fuel oil,LPG propane or butane,hydrogen
CO2,0,0.052939744,0,0.074834978,0,0.066561695,0,0.075288691,0.067030065,0
VOC,0,3.16891E-05,0,3.76308E-05,0,3.53763E-05,0,3.54725E-05,7.42609E-05,0
CO,0,0.000367234,0,0.000159646,0,0.000152293,0,7.9898E-05,8.43813E-05,0
NOx,0,0.000244823,0,0.002115942,0,0.002135765,0,0.000692687,0.001937876,0.003085306
PM10,0,1.66924E-05,0,3.80109E-05,0,3.62603E-05,0,2.87363E-05,1.68408E-05,0
PM25,0,1.61918E-05,0,3.68709E-05,0,3.51728E-05,0,2.66716E-05,1.54968E-05,0
SOx,0,6.06716E-07,0,7.17964E-07,0,6.96526E-07,0,0.000149839,0,0
BC,0,2.42877E-06,0,5.53063E-06,0,5.27592E-06,0,8.50082E-06,2.32453E-06,0
OC,0,6.3148E-06,0,1.43796E-05,0,1.37174E-05,0,8.99077E-06,6.04377E-06,0
CH4,0,0.000829058,0,7.60219E-07,0,7.60318E-07,0,0.000003,0.000003,0
N2O,0,2.22566E-06,0,2.11438E-06,0,2.11465E-06,0,0.0000006,0.0000006,0
F gases,0,0,0,0,0,0,0,0,0,0
,,,,,,,,,,
,,,,,,,,,,
,,,,,,,,,,
,,,,,,,,,,
,,,,,,,,,,
,,,,,,,,,,
,,,,,,,,,,
,,,,,,,,,,
,,,,,,,,,,
,,,,,,,,,,
,,,,,,,,,,
,,,,,,,,,,
