Unit: jobs, ISIC 01T03 , ISIC 05 , ISIC 06 , ISIC 07T08 , ISIC 09 , ISIC 10T12 , ISIC 13T15 , ISIC 16 , ISIC 17T18 , ISIC 19 , ISIC 20 , ISIC 21 , ISIC 22 , ISIC 231 , ISIC 239 , ISIC 241 , ISIC 242 , ISIC 25 , ISIC 26 , ISIC 27 , ISIC 28 , ISIC 29 , ISIC 30 , ISIC 31T33 , ISIC 351 , ISIC 352T353 , ISIC 36T39 , ISIC 41T43 , ISIC 45T47 , ISIC 49T53 , ISIC 55T56 , ISIC 58T60 , ISIC 61 , ISIC 62T63 , ISIC 64T66 , ISIC 68 , ISIC 69T82 , ISIC 84 , ISIC 85 , ISIC 86T88 , ISIC 90T96 , ISIC 97T98 
CAN: Canada,381000,3960.207011,79039.79299,64500,90800,288300,43100,98600,109500,6900,61100,30700,103100,0,42135.85862,38612.88632,26387.11368,163400,53900,34500,140900,217000,0,257864.1414,29665.5709,3715.531347,143818.8978,1451000,3044200,903100,1319600,195300,134200,338700,1036700,305900,1944300,1155600,1451100,2196600,921300,126300
