Unit: jobs, ISIC 01T03 , ISIC 05 , ISIC 06 , ISIC 07T08 , ISIC 09 , ISIC 10T12 , ISIC 13T15 , ISIC 16 , ISIC 17T18 , ISIC 19 , ISIC 20 , ISIC 21 , ISIC 22 , ISIC 231 , ISIC 239 , ISIC 241 , ISIC 242 , ISIC 25 , ISIC 26 , ISIC 27 , ISIC 28 , ISIC 29 , ISIC 30 , ISIC 31T33 , ISIC 351 , ISIC 352T353 , ISIC 36T39 , ISIC 41T43 , ISIC 45T47 , ISIC 49T53 , ISIC 55T56 , ISIC 58T60 , ISIC 61 , ISIC 62T63 , ISIC 64T66 , ISIC 68 , ISIC 69T82 , ISIC 84 , ISIC 85 , ISIC 86T88 , ISIC 90T96 , ISIC 97T98 
CAN: Canada,284100,4298.971707,85801.02829,65700,97300,281000,42600,96200,118900,8500,39755.58183,48044.41817,100000,0,43638.15579,38434.67299,26265.32701,162000,51200,34500,143000,193400,0,254161.8442,25379.79993,3178.750295,123041.4498,1393400,3113500,845700,1287500,175900,124800,332200,1083300,285600,1900200,1069100,1328200,1945900,882600,123500
